CREATE table EMP
 (
   EMP_CODE char(5),
   EMP_NAME char(20),
   DEPT_CODE char(5),
   DESIG_CODE char(5),
   SEX char(1),
   ADDRESS char (25),
   CITY char (20),
   STATE char (20),
   PIN char (6),
   BASIC Number,
   JN_DT Date,
   PRIMARY KEY (EMP_CODE)
 );

 CREATE TABLE DESIGNATION (
DESIG_CODE char(5),
DESIG_DESC char(20),
Primary key (DESIG_CODE) );

CREATE TABLE DEPARTMENT (
DEPT_CODE char(5),
DEPT_NAME char(15),
Primary key (DEPT_CODE) );

DESC EMP;
DESC DESIGNATION;
DESC DEPARTMENT;

insert into DESIGNATION( DESIG_CODE,DESIG_DESC) VALUES('DES_1','MANAGER');
insert into DESIGNATION( DESIG_CODE,DESIG_DESC) VALUES('DES_2','EXECUTIVE');
insert into DESIGNATION( DESIG_CODE,DESIG_DESC) VALUES('DES_3','OFFICER');
insert into DESIGNATION( DESIG_CODE,DESIG_DESC) VALUES('DES_4','CLERK');
insert into DESIGNATION( DESIG_CODE,DESIG_DESC) VALUES('DES_5','HELPER');

insert into DEPARTMENT( DEPT_CODE,DEPT_NAME) VALUES('DEP_1','PERSONNEL');
insert into DEPARTMENT( DEPT_CODE,DEPT_NAME) VALUES('DEP_2','PRODUCTION');
insert into DEPARTMENT( DEPT_CODE,DEPT_NAME) VALUES('DEP_3','PURCHASE');
insert into DEPARTMENT( DEPT_CODE,DEPT_NAME) VALUES('DEP_4','FINANCE');
insert into DEPARTMENT( DEPT_CODE,DEPT_NAME) VALUES('DEP_5','RESEARCH');

insert into EMP( EMP_CODE,EMP_NAME,DEPT_CODE,DESIG_CODE,SEX,ADDRESS,
   CITY,STATE,PIN,BASIC,JN_DT) VALUES(1,'RAHUL','DEP_5','DES_1','M','CHANDI GHOSH ROAD','KOLKATA','WEST BENGAL','700040',100000,'07-FEB-14');

insert into EMP( EMP_CODE,EMP_NAME,DEPT_CODE,DESIG_CODE,SEX,ADDRESS,
   CITY,STATE,PIN,BASIC,JN_DT) VALUES(2,'BAHUL','DEP_3','DES_1','M','CHANDI GHOSH ROAD','KOLKATA','WEST BENGAL','700040',10000000,'07-FEB-14');

insert into EMP( EMP_CODE,EMP_NAME,DEPT_CODE,DESIG_CODE,SEX,ADDRESS,
   CITY,STATE,PIN,BASIC,JN_DT) VALUES(3,'SAHUL','DEP_2','DES_1','M','CHANDI GHOSH ROAD','KOLKATA','WEST BENGAL','700040',0000,'07-FEB-14');

insert into EMP( EMP_CODE,EMP_NAME,DEPT_CODE,DESIG_CODE,SEX,ADDRESS,
   CITY,STATE,PIN,BASIC,JN_DT) VALUES(4,'KAHUL','DEP_1','DES_1','M','CHANDI GHOSH ROAD','KOLKATA','WEST BENGAL','700040',90000,'07-FEB-14');

insert into EMP( EMP_CODE,EMP_NAME,DEPT_CODE,DESIG_CODE,SEX,ADDRESS,
   CITY,STATE,PIN,BASIC,JN_DT) VALUES(5,'CAHUL','DEP_3','DES_1','M','CHANDI GHOSH ROAD','KOLKATA','WEST BENGAL','700040',100,'07-FEB-14');

insert into EMP( EMP_CODE,EMP_NAME,DEPT_CODE,DESIG_CODE,SEX,ADDRESS,
   CITY,STATE,PIN,BASIC,JN_DT) VALUES(6,'DAHUL','DEP_5','DES_1','M','CHANDI GHOSH ROAD','KOLKATA','WEST BENGAL','700040',8000,'07-FEB-14');

insert into EMP( EMP_CODE,EMP_NAME,DEPT_CODE,DESIG_CODE,SEX,ADDRESS,
   CITY,STATE,PIN,BASIC,JN_DT) VALUES(7,'FAHUL','DEP_2','DES_1','M','CHANDI GHOSH ROAD','KOLKATA','WEST BENGAL','700040',9000,'07-FEB-14');

insert into EMP( EMP_CODE,EMP_NAME,DEPT_CODE,DESIG_CODE,SEX,ADDRESS,
   CITY,STATE,PIN,BASIC,JN_DT) VALUES(8,'HAHUL','DEP_2','DES_1','M','CHANDI GHOSH ROAD','KOLKATA','WEST BENGAL','700040',100000,'07-FEB-14');

insert into EMP( EMP_CODE,EMP_NAME,DEPT_CODE,DESIG_CODE,SEX,ADDRESS,
   CITY,STATE,PIN,BASIC,JN_DT) VALUES(9,'LAHUL','DEP_5','DES_1','M','CHANDI GHOSH ROAD','KOLKATA','WEST BENGAL','700040',90,'07-FEB-14');

insert into EMP( EMP_CODE,EMP_NAME,DEPT_CODE,DESIG_CODE,SEX,ADDRESS,
   CITY,STATE,PIN,BASIC,JN_DT) VALUES(10,'OAHUL','DEP_1','DES_1','M','CHANDI GHOSH ROAD','KOLKATA','WEST BENGAL','700040',10000,'07-FEB-14');

insert into EMP( EMP_CODE,EMP_NAME,DEPT_CODE,DESIG_CODE,SEX,ADDRESS,
   CITY,STATE,PIN,BASIC,JN_DT) VALUES(11,'QAHUL','DEP_3','DES_1','M','CHANDI GHOSH ROAD','KOLKATA','WEST BENGAL','700040',90000,'07-FEB-14');

insert into EMP( EMP_CODE,EMP_NAME,DEPT_CODE,DESIG_CODE,SEX,ADDRESS,
   CITY,STATE,PIN,BASIC,JN_DT) VALUES(12,'POCHAAHUL','DEP_5','DES_1','M','CHANDI GHOSH ROAD','KOLKATA','WEST BENGAL','700040',60000,'07-FEB-14');

SELECT * FROM EMP WHERE DEPT_CODE IS NULL;

SELECT * FROM EMP WHERE BASIC IN (0);

SELECT * FROM EMP WHERE BASIC IS NULL;

SELECT AVG(BASIC) FROM EMP;

UPDATE EMP SET BASIC=0 WHERE BASIC IS NULL;

SELECT AVG(BASIC) FROM EMP;

DELETE FROM EMP WHERE DEPT_CODE IS NULL;

SELECT EMP_NAME,1.9*BASIC FROM EMP;

SELECT EMP_NAME,BASIC FROM EMP ORDER BY DEPT_CODE;

SELECT EMP_NAME FROM EMP WHERE JN_DT >'01-JAN-90';

SELECT COUNT(EMP_NAME) FROM EMP WHERE JN_DT LIKE '%JAN%';

SELECT MIN(BASIC) FROM EMP;
SELECT MAX(BASIC) FROM EMP;

SELECT COUNT(EMP_NAME) FROM EMP WHERE SEX='F';

UPDATE EMP SET CITY=UPPER(CITY) ;

SELECT COUNT(DISTINCT CITY) FROM EMP;

SELECT * FROM EMP ORDER BY DEPT_CODE ;

--assignment 2

SELECT MIN(BASIC),MAX(BASIC),AVG(BASIC) FROM EMP GROUP BY DEPT_CODE;

SELECT COUNT(EMP_CODE) AS NUMBER_OF_EMPLOYEES FROM EMP WHERE SEX='F' GROUP BY DEPT_CODE;

SELECT COUNT(EMP_CODE) AS NUMBER_OF_EMPLOYEES FROM EMP GROUP BY DEPT_CODE,CITY;

SELECT COUNT(EMP_CODE) AS NUMBER_OF_EMPLOYEES FROM EMP WHERE JN_DT LIKE '%00' GROUP BY DEPT_CODE ORDER BY COUNT(EMP_CODE);

SELECT SUM(BASIC) FROM EMP  WHERE SEX='M' GROUP BY DEPT_CODE HAVING SUM(BASIC)>50000  ORDER BY SUM(BASIC) DESC;

SELECT E.EMP_NAME,D.DESIG_DESC,E.BASIC FROM EMP E, DESIGNATION D WHERE E.DESIG_CODE=D.DESIG_CODE;

SELECT E.EMP_NAME,D.DESIG_DESC,D1.DEPT_NAME,E.BASIC FROM EMP E, DESIGNATION D,DEPARTMENT D1 WHERE E.DESIG_CODE=D.DESIG_CODE AND E.DEPT_CODE=D1.DEPT_CODE;

SELECT DEPT_CODE FROM DEPARTMENT WHERE DEPT_CODE=(SELECT DEPT_CODE FROM EMP WHERE     
